1,Feil-Farrell,8,1
2,"Hamill, Kilback and Pfeffer",5,1
3,Breitenberg Inc,5,1
4,Kris and Sons,5,1
5,"Reynolds, Schmitt and Klocko",3,1
6,Zulauf and Sons,8,1
7,Bechtelar Inc,4,2
8,Stamm Inc,2,2
9,"Quigley, Breitenberg and Schuster",2,2
10,Kertzmann LLC,11,3
11,Donnelly-Quigley,7,3
12,Windler Inc,4,3
13,"Grady, Hudson and Olson",11,4
14,Stracke Group,2,4
15,Hyatt-King,3,4
16,Homenick-Kuhn,4,4
17,"Langosh, Krajcik and Langosh",11,5
18,Von-Hamill,10,5
19,Labadie-Tremblay,2,6
20,Ledner Group,7,6
21,Upton-Bruen,10,6
22,Runolfsson and Sons,2,7
23,"Wilderman, Marks and Luettgen",3,7
24,"Heaney, Schiller and Stehr",7,8
25,"Veum, Dickinson and Conroy",9,8
26,Schmitt Group,3,8
27,Ankunding-Prosacco,10,8
28,Watsica and Sons,10,8
29,"White, Smith and Weimann",7,8
30,"Koelpin, Koelpin and Wintheiser",10,9
31,Bernhard-Harber,6,9
32,Jakubowski-Robel,7,9
33,"Breitenberg, Mante and Glover",2,9
34,Jacobs-McGlynn,10,9
35,Runolfsdottir Inc,9,9
36,Wuckert Inc,4,9
37,"Gerhold, Reilly and Morissette",9,9
38,"Marvin, Casper and Krajcik",10,9
39,Weissnat LLC,11,9
40,Dickens-Weissnat,1,10
41,Kessler-Ziemann,1,10
42,"Tillman, Lockman and Klein",9,10
43,Cartwright LLC,11,10
44,"Kassulke, Leannon and Bins",7,10
45,"Hyatt, Conroy and Ortiz",5,10
46,Cartwright-VonRueden,3,10
47,Yost LLC,6,10
48,Greenfelder Inc,8,10
49,Tromp Inc,10,11
50,Shields Inc,3,11
51,Bernier Inc,1,12
52,Dicki LLC,4,12
53,"Grady, Runte and Hauck",9,12
54,Bayer Inc,3,13
55,Toy and Sons,4,13
56,Dibbert Inc,10,13
57,Parker-Thiel,4,13
58,"Greenholt, Will and Grant",10,13
59,Wolf and Sons,3,13
60,Schimmel and Sons,2,13
61,Ondricka-Wunsch,1,14
62,"Hoeger, Hoeger and Grady",10,14
63,Bosco-Schinner,6,14
64,"Larson, Mosciski and Murazik",6,14
65,Grady-Senger,4,14
66,Reilly-Howell,8,14
67,Farrell-Altenwerth,4,14
68,"Schowalter, Runolfsson and Muller",1,14
69,Emard-Streich,5,15
70,Eichmann Group,8,16
71,"Spinka, Russel and Smith",1,16
72,Bartoletti-Parker,1,16
73,Renner-Wolff,3,16
74,Haag-Padberg,3,17
75,"O'Reilly, Hirthe and Hayes",9,17
76,Mante Group,6,17
77,"Howe, Swaniawski and Hand",10,17
78,"Howell, McCullough and Wisozk",10,17
79,Gleichner-Hermann,3,17
80,Boyle-Hessel,3,17
81,Hirthe and Sons,3,17
82,"Murazik, Stoltenberg and Pfannerstill",11,18
83,Lindgren and Sons,9,18
84,Spinka Inc,4,18
85,"Satterfield, Reilly and Hudson",1,18
86,Purdy-Kerluke,5,18
87,Goyette Inc,1,18
88,Kuvalis Inc,7,18
89,"Kling, Dicki and Murphy",3,18
90,"Hoeger, Schulist and Medhurst",8,18
91,"Dickens, Lubowitz and Emard",8,18
92,"Schumm, Schneider and Schuppe",4,19
93,Farrell-Davis,5,19
94,Strosin and Sons,1,19
95,Gorczany and Sons,3,19
96,"Ortiz, Beatty and Kulas",8,19
97,Gerhold Inc,11,19
98,"Mayer, Streich and Schmeler",11,19
99,Bahringer-Zieme,8,19
100,"Bernier, Moen and Torp",1,19
101,"Moen, Thiel and Osinski",3,19
102,Davis Group,10,20
103,"Upton, Stanton and Hyatt",2,20
104,Harris-Monahan,11,20
105,"Cormier, Roberts and Volkman",6,20
106,"Beahan, Stiedemann and Hills",11,20
107,Stroman-Kihn,5,20
108,Kunde-DuBuque,11,20
109,Dickinson-D'Amore,5,21
110,"Jacobson, Kohler and Bode",1,21
111,Metz and Sons,8,21
112,"Renner, Aufderhar and MacGyver",11,21
113,"Schmitt, Brekke and Hoeger",7,21
114,"Hammes, Greenholt and Wyman",1,21
115,Parisian and Sons,4,21
116,Schoen-Effertz,5,21
117,Walker-O'Keefe,1,21
118,"Swift, Waelchi and Kemmer",10,21
119,"Kulas, King and Kohler",1,22
120,Smith Group,8,23
121,"Friesen, Schiller and Leuschke",5,23
122,Macejkovic and Sons,6,23
123,Donnelly Inc,9,23
124,Langworth-Mitchell,3,23
125,"Durgan, Heller and Greenfelder",8,23
126,"Kshlerin, Nader and Windler",5,24
127,"Bins, Rice and McClure",8,24
128,Kozey Inc,6,24
129,"Collier, Wolff and Crist",4,24
130,Hilll Group,6,24
131,"Bayer, Renner and Terry",9,24
132,Nikolaus-Emmerich,10,24
133,Wehner LLC,5,24
134,"Lubowitz, Wolff and Doyle",4,24
135,Mayer LLC,4,24
136,Jacobson-Jacobi,6,25
137,"Schaefer, Boehm and Kreiger",1,25
138,Jacobson Inc,11,25
139,Runolfsdottir-Powlowski,11,25
140,Jones-Abshire,2,26
141,"Marks, Beer and Monahan",4,26
142,Feeney Group,8,26
143,"Torphy, Koepp and Hintz",11,26
144,"Mills, Kemmer and Mertz",11,26
145,"Hills, Fisher and Brakus",9,26
146,Collins-Stanton,11,26
147,"Bailey, Davis and McClure",2,26
148,"Cronin, Luettgen and Effertz",10,26
149,Flatley-Cremin,7,27
150,Fay-Marvin,2,27
151,"Hermiston, Prosacco and Durgan",10,27
152,Waelchi-Rodriguez,11,27
153,Ortiz-Gutmann,6,28
154,Rohan-Roob,10,28
155,Pfannerstill Group,7,28
156,Rutherford-Volkman,10,28
157,Davis Inc,8,29
158,"Greenfelder, Ebert and Wyman",2,29
159,Ullrich LLC,10,29
160,Nolan Inc,9,29
161,"Franecki, Lueilwitz and Hessel",9,29
162,"Donnelly, Bernier and Waelchi",4,29
163,Gleichner and Sons,2,30
164,Heathcote Group,9,31
165,Larkin-Bergstrom,7,31
166,Casper-Schuppe,11,31
167,"Stanton, Strosin and Rogahn",8,32
168,"Powlowski, Rosenbaum and Funk",7,32
169,Schamberger Inc,3,32
170,Terry-Moen,8,32
171,Kutch Group,10,33
172,Upton-Larkin,2,33
173,Schroeder-Beahan,11,33
174,Wintheiser Group,10,33
175,Eichmann-Rodriguez,6,33
176,Grady Group,5,33
177,Gulgowski-Dietrich,6,33
178,Nikolaus Inc,9,33
179,"Koch, Purdy and Hamill",7,33
180,Murphy-Howe,1,33
181,Weissnat LLC,3,34
182,"Funk, Medhurst and Abshire",10,34
183,Abernathy-Towne,11,34
184,Hilpert Inc,3,34
185,Bartell-Bartoletti,6,34
186,Osinski Inc,10,34
187,Kuhn-Roob,7,34
188,Kerluke Group,6,34
189,"Osinski, Ryan and Johnston",4,34
190,"Douglas, Lesch and Kuphal",1,35
191,Osinski-Volkman,10,36
192,"Legros, Hamill and Haag",10,36
193,Von-Bartoletti,3,36
194,McKenzie and Sons,2,36
195,Sipes Group,4,37
196,Rath-Muller,2,38
197,Larson Inc,8,38
198,Miller-Davis,6,38
199,"Schaefer, Roob and Schumm",7,38
200,Pollich-Towne,6,39
201,Miller Group,10,39
202,Kerluke LLC,6,39
203,Kreiger-Crona,8,40
204,Gerlach-Hodkiewicz,10,40
205,"Tremblay, Rosenbaum and Gleason",3,40
206,Donnelly-Mosciski,2,40
207,"Jaskolski, Borer and Hyatt",2,40
208,"Bailey, Konopelski and Jerde",4,41
209,"Jast, D'Amore and Collier",5,41
210,Rolfson-Vandervort,2,41
211,Mertz Group,2,42
212,Towne Group,8,42
213,Kemmer Group,8,42
214,"Bode, Gleason and Zieme",4,42
215,O'Conner Inc,1,42
216,Grant-Robel,5,42
217,Frami and Sons,5,42
218,"Bernier, Hermiston and Kuphal",6,42
219,Gleason Group,7,42
220,"Abshire, Orn and Torp",1,43
221,Osinski-Schuster,7,43
222,"Green, Goodwin and Kiehn",1,43
223,Torp Group,11,43
224,Labadie and Sons,6,43
225,Renner Inc,1,43
226,Hills-Swaniawski,9,43
227,Rempel Group,3,44
228,"Gerlach, Gaylord and Strosin",3,44
229,Larkin-Friesen,6,45
230,"Stanton, Emard and Metz",11,45
231,Schaden-Jones,4,45
232,"Goodwin, Sanford and Weber",10,45
233,"Marquardt, Eichmann and Lang",7,45
234,Wintheiser and Sons,10,45
235,"Anderson, Reynolds and Bode",1,46
236,Powlowski-Kemmer,10,46
237,Klein Group,5,47
238,West Inc,1,47
239,"Keeling, Abernathy and DuBuque",1,47
240,Buckridge-Schmitt,4,47
241,"Kutch, Satterfield and Jacobson",7,47
242,"Champlin, Halvorson and Medhurst",7,47
243,Aufderhar-Paucek,9,48
244,Zulauf Group,3,48
245,Hyatt-Robel,5,48
246,Lowe-Willms,5,48
247,Mills-Beier,11,48
248,Marvin LLC,4,48
249,Torp-DuBuque,1,48
250,Skiles Group,7,48
251,Howe-Mertz,7,49
252,Lubowitz Group,3,49
253,Kuhlman and Sons,2,49
254,Renner Inc,2,49
255,Greenfelder LLC,7,49
256,Grimes Inc,11,49
257,Ritchie LLC,10,49
258,Wuckert LLC,2,49
259,Windler Inc,6,50
260,Roberts LLC,9,50
261,Greenfelder Inc,4,50
262,Stanton and Sons,6,50
263,"Thompson, Stracke and Connelly",2,50
264,Ziemann-Emmerich,2,50
265,Dach LLC,6,50
266,"Walker, Wolff and Leuschke",2,50
267,Gibson-Von,10,50
268,"Ward, Hirthe and Johns",8,50
269,Daniel-Gusikowski,5,51
270,"Rice, Bartell and Shields",8,52
271,"Konopelski, Block and Krajcik",9,52
272,Hauck-Hammes,7,52
273,"Johns, Pouros and Pouros",11,52
274,"Kling, Rempel and Gerhold",2,52
275,Beer-Skiles,8,52
276,"Veum, Padberg and Berge",2,52
277,"Waters, Daugherty and Walter",3,52
278,Heathcote Group,2,52
279,Strosin Group,8,53
280,Marks Group,7,53
281,Veum Inc,9,53
282,Mohr-Funk,5,53
283,Fay-Gerhold,3,53
284,Gusikowski and Sons,8,53
285,"Steuber, Larkin and Beer",3,53
286,Leffler-Bernier,3,53
287,Friesen-Schultz,11,54
288,"Haley, Padberg and Rosenbaum",7,54
289,"Klocko, Von and Cassin",1,54
290,Senger-Gleichner,3,54
291,Goodwin-Lueilwitz,1,54
292,"Streich, Roob and Pfeffer",4,54
293,Kerluke-Denesik,11,54
294,Denesik and Sons,10,54
295,Douglas LLC,1,55
296,"Durgan, West and Muller",7,55
297,Stamm and Sons,11,55
298,Frami Group,2,55
299,Reilly-Bernhard,11,55
300,"Mayer, O'Kon and Cummerata",2,55
301,Zulauf and Sons,4,56
302,"Swaniawski, Donnelly and Watsica",7,56
303,O'Keefe Group,2,56
304,"Mante, Will and Lindgren",3,56
305,Kuhlman-Spencer,10,56
306,Rippin-Nader,3,56
307,Mosciski-Casper,4,56
308,Abbott Group,9,56
309,Wuckert-Weimann,9,56
310,"Durgan, D'Amore and Hilpert",9,56
311,Hettinger Inc,8,57
312,Williamson LLC,10,58
313,Kuphal-Connelly,1,58
314,"Cremin, Beahan and Lind",5,58
315,"Heaney, Christiansen and Heaney",9,58
316,Swift and Sons,6,58
317,"Koelpin, Doyle and Wuckert",3,58
318,Hane and Sons,10,58
319,Volkman-Kuphal,6,58
320,Price-Larson,1,58
321,"Toy, Lueilwitz and Maggio",10,59
322,"Kuvalis, Zemlak and Kunde",7,59
323,"O'Hara, Beer and Larkin",5,59
324,Marks-Stroman,4,59
325,Hammes-Borer,7,59
326,Green Inc,8,59
327,"Denesik, Dach and Stamm",4,59
328,"Kirlin, Hickle and Murray",8,60
329,Rath Group,11,60
330,Paucek-McCullough,6,60
331,"Funk, Bayer and Walter",4,60
332,Rogahn-Mosciski,10,60
333,Fritsch-Cummings,7,60
334,"Nolan, Rolfson and Hoeger",8,61
335,Pfeffer LLC,5,61
336,Gleichner LLC,1,62
337,Sporer Inc,5,62
338,Stiedemann-Hamill,1,62
339,Sawayn-Bednar,3,62
340,"Lesch, Emard and Schroeder",11,62
341,Koelpin LLC,7,62
342,Metz Group,8,62
343,Johns and Sons,3,63
344,Price Group,3,63
345,Krajcik and Sons,8,63
346,"Schaefer, Hudson and Bosco",10,63
347,Nienow Group,5,63
348,Denesik Inc,5,63
349,"Hammes, Streich and Hoeger",2,63
350,Leuschke-Kerluke,10,64
351,"Koch, Sawayn and Moen",7,65
352,Harris and Sons,1,66
353,"Sawayn, Abernathy and Donnelly",2,66
354,Hegmann-Jacobs,8,66
355,Terry-Bergnaum,9,66
356,"Rempel, Tromp and Lebsack",9,66
357,Grady-Walker,9,66
358,Strosin and Sons,2,66
359,Collier Group,9,66
360,"Von, Turner and Cummings",5,66
361,Kuphal-Hammes,2,67
362,Borer Group,7,67
363,Fahey-Littel,2,67
364,"Harber, Spinka and Larkin",9,67
365,Schmeler Inc,10,67
366,Goldner-Gerhold,1,67
367,"Connelly, Hilll and Wolf",2,68
368,"Abbott, Volkman and Bins",2,68
369,"Witting, Collier and Feil",4,68
370,Corkery and Sons,8,68
371,O'Hara LLC,6,68
372,Grady-Jakubowski,2,68
373,"Becker, Hane and Conn",10,68
374,Morar-Tromp,8,68
375,Schaefer-Lehner,11,68
376,Schaden Group,10,69
377,"Kirlin, Dickens and Von",11,69
378,Schmeler and Sons,3,69
379,"Pagac, Langosh and Bogan",2,69
380,Bernier-Schoen,9,69
381,"Auer, Senger and Legros",9,69
382,Schaefer Inc,11,69
383,Ruecker and Sons,2,69
384,Bins-Dickens,10,69
385,Cronin-Feeney,9,69
386,"Crooks, Cruickshank and Keeling",6,70
387,Hackett Inc,6,70
388,Gerlach-Kunde,10,70
389,Fritsch-Hamill,3,70
390,Grimes Group,4,70
391,White-Steuber,3,71
392,"Toy, Krajcik and Bashirian",7,71
393,Upton and Sons,2,71
394,Weimann and Sons,11,71
395,"Champlin, Romaguera and Yost",2,72
396,Herman and Sons,9,72
397,"Reichert, Stracke and Block",1,72
398,"Balistreri, Smith and Sawayn",8,72
399,Hettinger Inc,3,72
400,Howe LLC,8,73
401,Oberbrunner-Feest,4,74
402,Haley-Ortiz,1,75
403,Kuhic LLC,11,75
404,Considine-Hauck,8,75
405,Hintz Group,7,76
406,"Torphy, Hyatt and Greenholt",1,77
407,"Schroeder, Jacobs and Nicolas",11,77
408,Luettgen-Feest,5,77
409,Christiansen and Sons,6,77
410,"Klocko, Yost and Wunsch",8,78
411,"Padberg, Block and Rodriguez",8,79
412,"Davis, Gerhold and Heaney",5,79
413,DuBuque Group,4,79
414,Hintz and Sons,11,79
415,Pouros-Effertz,9,79
416,Carroll LLC,8,79
417,MacGyver-Von,2,79
418,"Lesch, Block and Zieme",10,79
419,Streich LLC,9,79
420,Goldner and Sons,11,80
421,Abernathy-Kohler,4,80
422,Hauck-Marquardt,7,81
423,"McGlynn, Osinski and Morissette",10,81
424,Hintz LLC,4,81
425,"Stehr, Mante and Pouros",3,81
426,O'Kon Inc,1,81
427,Fay-Kris,7,81
428,Zboncak LLC,7,81
429,O'Conner-Turcotte,8,81
430,Bins and Sons,6,81
431,"Kutch, Parker and Sipes",7,82
432,"Borer, Ernser and Spencer",4,82
433,"Beatty, Cole and Dibbert",11,82
434,McDermott-Durgan,7,82
435,Kertzmann Inc,7,82
436,Dickinson-Grant,2,82
437,Cole Group,9,82
438,Dibbert-Raynor,1,82
439,"Quigley, Williamson and Nicolas",7,83
440,Heathcote LLC,5,83
441,Champlin-Gerhold,10,83
442,"Beer, Wisoky and Boehm",3,83
443,Bernier-Torp,3,83
444,Rempel and Sons,3,83
445,Streich-Yost,11,83
446,"Schroeder, Stracke and Flatley",3,83
447,Ledner and Sons,5,83
448,"Walsh, O'Connell and Schmeler",5,83
449,"Harris, Farrell and Heaney",7,84
450,Schumm-Bogisich,3,84
451,"Turcotte, Bayer and Labadie",5,84
452,"Kris, Streich and Rohan",4,84
453,Sauer-Haag,8,84
454,Gerhold-Boyer,7,84
455,"Bins, Jaskolski and Kutch",6,84
456,Goldner Inc,3,85
457,Ebert-Schaefer,7,85
458,"Ward, Bayer and Lockman",10,85
459,Luettgen-Koss,5,85
460,Lynch Inc,5,85
461,Sipes-Howell,9,86
462,"Thiel, Carter and Heathcote",10,86
463,Hegmann LLC,5,86
464,Gutkowski Group,7,86
465,Lebsack Inc,10,86
466,Runte and Sons,4,86
467,"Howe, Auer and Altenwerth",9,87
468,Cassin Group,8,88
469,Miller Inc,5,89
470,Deckow Group,7,89
471,Mohr-Yost,5,89
472,"Dibbert, Jones and Schroeder",9,89
473,Zulauf-Morissette,1,89
474,Sawayn Inc,7,89
475,Johnston Inc,6,89
476,Mann-Stanton,3,90
477,"Hamill, Gislason and Schowalter",5,90
478,Rosenbaum-Jast,4,90
479,Ullrich Group,3,90
480,"Gutkowski, Kutch and Batz",7,90
481,Kerluke LLC,9,90
482,"Greenfelder, Schulist and Feest",4,90
483,Wisoky Group,6,91
484,Moen LLC,6,91
485,Douglas LLC,3,91
486,Harris Inc,7,91
487,"Torphy, Baumbach and Kilback",9,91
488,Keeling Group,1,91
489,O'Connell Group,7,91
490,Feest-Ledner,4,91
491,Dickinson Group,7,91
492,Mante-Olson,11,91
493,Dickinson Inc,7,92
494,"Lang, Jaskolski and Schuppe",2,92
495,"Kub, Jenkins and Price",7,92
496,"Cruickshank, Feeney and Emmerich",8,93
497,Huels-Kunde,3,93
498,"Breitenberg, Conroy and Lynch",10,93
499,Feeney-Torp,10,93
500,Hagenes-Hudson,5,93
501,"Upton, DuBuque and Pfannerstill",8,93
502,Murphy-Harvey,3,94
503,"Weimann, Buckridge and Hilll",8,94
504,Parker-Frami,11,94
505,Howe LLC,1,95
506,Tillman-Schaden,5,95
507,Volkman and Sons,6,95
508,Larkin-Bergnaum,11,95
509,Volkman Inc,2,96
510,"Parker, Weber and Grimes",2,97
511,Parisian Group,4,97
512,Nikolaus Inc,10,97
513,Hintz-Blanda,5,97
514,Robel-Shields,3,98
515,Wunsch Inc,2,99
516,"Welch, Murphy and Jast",8,99
517,"Ernser, Becker and Rutherford",6,99
518,Williamson-Doyle,9,99
519,Schumm-Murphy,11,99
520,Schiller-Ledner,5,100
521,Volkman-Ziemann,4,100
522,"Feil, Predovic and Welch",7,100
523,Gusikowski-Hartmann,5,100
524,Reichert and Sons,4,100
525,Kunze Inc,5,100
526,Reichel and Sons,3,101
527,Cormier Group,7,101
528,"Gutkowski, Kuhn and Rice",3,101
529,"VonRueden, Lubowitz and Bins",11,102
530,Marquardt and Sons,6,102
531,Wuckert Inc,11,102
532,Kerluke-Kerluke,9,102
533,Runte-Powlowski,2,102
534,Crona-Larkin,11,102
535,Lehner-Leannon,5,102
536,Jones-Dickinson,7,102
537,Ratke-Schneider,3,103
538,Parker-Ryan,1,103
539,Bins-Lind,6,103
540,Green-Swaniawski,3,103
541,Friesen Inc,5,103
542,Doyle and Sons,7,103
543,Heidenreich-Wisozk,3,103
544,Renner-Hessel,9,103
545,Bergstrom Inc,4,104
546,Cummings-Yost,11,104
547,Parisian-Feil,7,104
548,Erdman and Sons,10,105
549,"Bergstrom, Rice and Swaniawski",2,105
550,"Cole, Jones and Weber",2,105
551,Dooley-Kulas,5,105
552,Cormier-Conn,2,105
553,Schaden-Schaefer,10,105
554,"Harris, Barrows and O'Reilly",3,106
555,Abshire and Sons,1,106
556,Hoeger-Nicolas,10,106
557,King Group,7,106
558,Corwin-Will,3,106
559,Feest-Schulist,10,106
560,Fahey and Sons,11,106
561,Marquardt LLC,8,106
562,Borer Inc,11,106
563,"Ferry, Reinger and Labadie",8,107
564,Orn LLC,2,107
565,Reichel Group,2,107
566,Huels and Sons,5,107
567,Schumm LLC,7,108
568,Hoeger-O'Connell,9,108
569,"Kilback, Hettinger and Kunze",10,108
570,Hilpert-Roob,7,108
571,Orn Inc,6,108
572,Hammes-Welch,10,108
573,Cassin-Lueilwitz,11,108
574,Stokes and Sons,3,108
575,"Batz, Kozey and Stanton",4,108
576,Dibbert-Parisian,9,108
577,Shanahan-Dach,9,109
578,"Langosh, Marks and Stamm",3,109
579,Hand-Weissnat,2,109
580,Towne-Krajcik,3,109
581,"Shanahan, Bogisich and DuBuque",5,109
582,"Gleichner, Kutch and Lynch",1,109
583,McCullough-Batz,11,109
584,Huels LLC,6,109
585,"Nikolaus, Ankunding and Lueilwitz",2,109
586,Pagac Inc,4,109
587,"Beier, Roob and Thiel",8,110
588,Hyatt Inc,2,111
589,Kovacek-Pfeffer,3,111
590,"VonRueden, Jacobi and Bruen",10,112
591,"Schiller, Roberts and Hudson",4,112
592,Erdman-Lebsack,9,112
593,Parker Group,8,112
594,Carter-Streich,8,112
595,Bashirian LLC,8,112
596,Muller-Glover,9,112
597,Labadie-Bergnaum,11,112
598,Crist LLC,11,112
599,Bernier Group,4,113
600,"Konopelski, Rosenbaum and Schimmel",8,113
601,"Koch, Strosin and Harber",2,113
602,"Harris, Altenwerth and Romaguera",3,114
603,Armstrong-Cassin,2,114
604,"Walker, Erdman and Kiehn",3,114
605,Ryan-Marquardt,1,115
606,Green-Kuhlman,7,115
607,Stamm Inc,6,115
608,Pacocha-Kulas,2,116
609,"Mante, Mayert and Graham",1,116
610,"Schaden, Stark and Fahey",8,116
611,Russel-Lowe,1,117
612,Grady-Hirthe,10,117
613,"Koch, Sanford and Walker",7,117
614,Beahan and Sons,10,117
615,Tremblay-Bergstrom,10,117
616,"Kemmer, Aufderhar and Bailey",11,117
617,Hamill-Fadel,9,117
618,"O'Kon, Crist and Gottlieb",10,117
619,"Bernhard, Walter and Effertz",11,117
620,Quigley Group,1,117
621,Metz and Sons,9,118
622,Morar Group,6,118
623,"Rempel, Hills and Schaefer",7,118
624,"Wintheiser, Wyman and Fahey",10,118
625,O'Reilly-Smith,9,118
626,Bauch-Sawayn,4,118
627,Farrell Inc,10,118
628,Stark Inc,6,118
629,Jast LLC,5,118
630,"Lebsack, Botsford and Runte",5,119
631,"Abbott, Vandervort and Zulauf",5,119
632,"Dibbert, O'Reilly and Rowe",4,119
633,Hills-Stokes,5,119
634,Mayert Group,4,120
635,Dicki-Gusikowski,7,120
636,Kemmer-Corkery,8,120
637,Windler-Crist,10,120
638,"Predovic, Ebert and Gutmann",8,121
639,Swaniawski-Kerluke,8,121
640,Hegmann Inc,7,121
641,McKenzie-Hegmann,11,121
642,"Conn, Hickle and Hermann",9,121
643,Zulauf Group,10,122
644,Dare Group,9,122
645,Bailey Group,9,122
646,McLaughlin-Lind,9,122
647,"Sauer, Barton and Huel",10,122
648,"Rolfson, Schneider and Weissnat",9,122
649,Becker-Ziemann,9,122
650,Beer Group,3,122
651,Fritsch-Emard,2,122
652,D'Amore Inc,11,122
653,Nolan Group,6,123
654,"Runolfsson, Greenholt and Rutherford",1,123
655,"Daugherty, Bogisich and Crist",8,123
656,Spinka-Rowe,4,123
657,Keebler-Kessler,7,123
658,"Greenholt, Hickle and Kozey",10,123
659,Baumbach and Sons,6,124
660,"Roberts, Jast and Cremin",2,125
661,Kilback Inc,9,125
662,"Barrows, O'Reilly and Jacobi",9,125
663,"Simonis, Fay and Abshire",5,125
664,Fadel LLC,6,125
665,Reichel Inc,5,125
666,Johns-West,4,125
667,Kuhlman and Sons,7,125
668,Williamson-Bernhard,4,126
669,"Morar, Armstrong and King",1,126
670,Grady-Frami,5,127
671,Beahan Group,10,127
672,Ullrich-Turner,8,128
673,Greenholt and Sons,1,128
674,Mayer-Hammes,11,128
675,"Weissnat, Jast and Lemke",7,128
676,"Marquardt, Sipes and McDermott",3,128
677,Johnson-Sauer,2,128
678,"Schowalter, Schimmel and Nikolaus",11,129
679,Kohler-Dooley,3,129
680,Purdy-Jones,4,129
681,"Kassulke, Ward and Konopelski",11,129
682,"Dare, Hane and Okuneva",1,129
683,"Kshlerin, Swaniawski and Kuhn",5,129
684,"Streich, Oberbrunner and Greenholt",11,129
685,"Littel, Dach and Haley",6,129
686,Satterfield-Carter,6,129
687,Hermann Inc,10,130
688,"Bailey, Gislason and Boyle",2,130
689,Little Inc,6,130
690,Feeney and Sons,3,130
691,"DuBuque, Murazik and Hermiston",11,131
692,Ritchie Group,8,131
693,Buckridge Inc,8,131
694,Hackett Inc,2,131
695,Barrows-Durgan,5,131
696,"Erdman, Daugherty and Bechtelar",4,131
697,"Pfannerstill, MacGyver and Hamill",10,131
698,"Bernhard, Robel and Rodriguez",6,132
699,Jakubowski LLC,6,132
700,Von LLC,6,132
701,Predovic Inc,11,133
702,Monahan and Sons,10,133
703,Eichmann-Funk,2,133
704,Stoltenberg Inc,11,133
705,"Langworth, Kovacek and Mertz",4,133
706,"Harvey, Gislason and Corkery",5,133
707,Bahringer Group,7,134
708,Wilkinson-Smith,8,134
709,"Nienow, Ledner and Romaguera",3,134
710,"Fadel, Nicolas and Doyle",9,134
711,Dickens and Sons,4,134
712,DuBuque-Kihn,1,135
713,Conroy-Schneider,4,135
714,Jones Group,10,136
715,"Smith, Koch and McKenzie",2,136
716,Bradtke and Sons,10,136
717,"Miller, Medhurst and Watsica",6,136
718,"Cummings, Satterfield and Lehner",1,136
719,"Walker, Batz and Moen",7,136
720,Koss Group,6,136
721,Jakubowski-Schmeler,5,136
722,Lockman-Tromp,11,136
723,"Heller, West and Bergnaum",7,137
724,"Satterfield, McClure and Schmitt",10,137
725,"Boehm, Kertzmann and Feest",9,137
726,"Heidenreich, Roob and Bradtke",1,137
727,Bartell-Deckow,4,137
728,Walsh-Welch,10,137
729,Lehner-Schmeler,5,137
730,"VonRueden, Rosenbaum and Kihn",9,137
731,Mann Inc,1,138
732,Ritchie Inc,2,138
733,Rogahn LLC,1,138
734,Cummings-Volkman,11,138
735,"Hodkiewicz, Hyatt and Hudson",10,138
736,"Schulist, O'Keefe and Kerluke",1,138
737,Block-Johnson,6,138
738,"Schmeler, Doyle and Pouros",6,138
739,"Sauer, Lindgren and Jenkins",8,138
740,"Schultz, Reinger and Becker",2,139
741,Cronin LLC,4,139
742,"Beer, Heathcote and Leffler",1,139
743,Ankunding LLC,5,139
744,Lebsack Inc,1,139
745,"Fritsch, Grant and Tromp",2,139
746,Bednar-Donnelly,8,139
747,Grimes Group,6,139
748,Kihn-Larkin,8,139
749,Dach Group,8,139
750,"King, Murray and Willms",1,140
751,"Hammes, Kulas and Reynolds",10,140
752,Kling LLC,2,141
753,VonRueden-Thompson,1,141
754,"Cassin, Goyette and Reinger",6,141
755,Yundt LLC,11,141
756,"Wolff, King and Goldner",10,141
757,"Hermann, Steuber and Hudson",7,141
758,Beier-Bogisich,3,141
759,Sanford-McClure,4,141
760,Barrows-Reichert,6,141
761,Anderson-Kozey,3,142
762,"Swaniawski, Harvey and Weissnat",6,142
763,"Jaskolski, Hagenes and Quitzon",2,142
764,Douglas LLC,5,142
765,"Auer, Hauck and Hermiston",6,143
766,Heathcote LLC,10,143
767,"Willms, Heaney and Kihn",9,143
768,Bashirian LLC,1,143
769,"McClure, Bergnaum and Bartell",1,143
770,Upton Group,5,143
771,Hane LLC,3,143
772,Wintheiser-Hackett,1,143
773,Crona-Gleason,8,143
774,Wolf-Batz,10,144
775,"Keeling, O'Kon and Feeney",6,144
776,Graham-Botsford,7,144
777,"Bayer, Champlin and Kerluke",9,144
778,Towne-Mertz,1,144
779,Sawayn Inc,4,144
780,"Stehr, Renner and Wilderman",1,145
781,Conroy-Mosciski,7,145
782,Hudson-Kshlerin,2,145
783,Raynor-Nikolaus,6,145
784,"Hauck, Kuhlman and Grant",11,145
785,Schneider-Roob,3,145
786,"Moore, Boyer and Simonis",9,145
787,Moen Inc,9,146
788,Dare Group,5,146
789,Carter-Schneider,10,146
790,Stark Inc,6,146
791,Kirlin LLC,4,146
792,Ernser Inc,5,146
793,Schiller Group,8,146
794,Crist Group,10,146
795,Kertzmann and Sons,2,146
796,"Roob, Hegmann and Brown",3,147
797,Kertzmann Group,8,147
798,Marquardt Inc,2,147
799,Durgan Inc,1,147
800,Friesen and Sons,2,147
801,Crona-Von,3,147
802,Hackett Group,4,147
803,Maggio-Kassulke,9,148
804,Smitham LLC,7,148
805,Jast-O'Conner,7,149
806,"Kessler, Mann and Balistreri",5,149
807,Bergnaum Inc,11,150
808,"Mohr, Simonis and Ondricka",4,150
809,Morissette-Streich,9,150
810,Aufderhar LLC,2,150
811,"Bode, Reynolds and Ritchie",11,150
812,"Stamm, Osinski and Bernhard",9,150
813,Schowalter LLC,7,150
814,Kuvalis Inc,3,150
815,Rolfson-Mertz,4,150
816,Schneider-Abbott,7,150
